model,odds_ratio,odds_ratio_low,odds_ratio_high,n,term,estimate,std.error,statistic,p.value,conf.low,conf.high,p_fdr
Any valid emotion-recognition data,31.38123405078364,12.645094205274772,77.87856970960887,1019,(Intercept),3.446210072560435,0.46374527676749927,7.431256435821788,1.0757093343337068e-13,2.5372693300961364,4.355150815024734,
Any valid emotion-recognition data,0.9826382179313072,0.7306326204551014,1.321564135389643,1019,age_z,-0.017514265304897313,0.15118890380384986,-0.11584358947148694,0.907776503646372,-0.313844516760443,0.2788159861506484,0.907776503646372
Any valid emotion-recognition data,0.5376537571870096,0.2976954402257689,0.9710312069210035,1019,gender_binaryMan,-0.6205405000048378,0.3016039937490565,-2.0574677818130818,0.03964125094789551,-1.2116843277529887,-0.029396672256687073,0.15856500379158203
Any valid emotion-recognition data,1.1329516624828735,0.5886603498028629,2.1805094736762314,1019,participant_white_statusNon-white,0.1248263178373301,0.3340470587655412,0.37367884123458905,0.7086432690391575,-0.5299059173431306,0.7795585530177909,0.907776503646372
Any valid emotion-recognition data,0.8078361283917956,0.3516241718581431,1.8559566223403035,1019,prior_mh_binaryPrior condition,-0.21339605242634663,0.4243858749659936,-0.5028349552007267,0.6150803153659673,-1.0451923673596941,0.6184002625070009,0.907776503646372
Completed 80 valid trials among starters,125.19382221833915,14.224708001177396,1101.849902320652,969,(Intercept),4.829863114144577,1.1096340109698322,4.352663190201987,1.3449369074729594e-5,2.6549804526437057,7.004745775645448,
Completed 80 valid trials among starters,0.6452319508536423,0.3358617415193861,1.2395703914325311,969,age_z,-0.4381454131053058,0.333117486821163,-1.3152879402591313,0.1884131496208644,-1.0910556872747852,0.21476486106417364,0.7536525984834576
Completed 80 valid trials among starters,1.5918006195466832,0.3920117374373453,6.463656493944096,969,gender_binaryMan,0.4648658406009215,0.7149639478564564,0.6501947993246966,0.5155663999833151,-0.9364634971977331,1.8661951783995763,0.8481487962045103
Completed 80 valid trials among starters,1.1747124980371921,0.2260016005793253,6.105927787712394,969,participant_white_statusNon-white,0.16102343513493156,0.8409370574798252,0.19148096008219337,0.8481487962045103,-1.4872131975255258,1.809260067795389,0.8481487962045103
Completed 80 valid trials among starters,0.7251741164902997,0.08812461456965101,5.967430346170185,969,prior_mh_binaryPrior condition,-0.3213434922851456,1.0753366832917564,-0.2988305869948267,0.7650693116472782,-2.429003391536988,1.7863164069666966,0.8481487962045103
