metric,participant_ethnicity_group,stimulus_set,n_participants,mean,sd,median,q25,q75,min,max
accuracy_common_pct,Asian,AI-diverse,61,85.68232329158707,9.162156975711966,87.87878787878788,79.3103448275862,91.66666666666666,59.09090909090909,100
accuracy_common_pct,Asian,AI-non-white,62,85.28920723097625,9.543221927799898,85.71428571428571,78.88795986622074,92.52136752136752,60.60606060606061,100
accuracy_common_pct,Asian,AI-white,60,87.1140813162872,12.397099156796713,90,80,100,50,100
accuracy_common_pct,Asian,All-stimuli,62,80.13491419724649,8.459965389342969,80.81831831831832,74.0605331358756,86.44020733061829,63.38028169014085,97.435897435897445
accuracy_common_pct,Asian,FACES,62,75.46569583784013,10.230211257173211,75.67567567567568,67.9326923076923,82.17948717948717,56.75675675675676,97.36842105263158
accuracy_common_pct,Black,AI-diverse,122,84.59952852684009,10.976928876285447,86.42506142506141,79.0909090909091,91.8918918918919,26.666666666666668,100
accuracy_common_pct,Black,AI-non-white,122,84.35606459413457,11.331938573834679,85.18518518518519,79.375,91.91666666666666,30,100
accuracy_common_pct,Black,AI-white,119,85.55228618253828,14.304828551516758,90,77.77777777777779,100,20,100
accuracy_common_pct,Black,All-stimuli,122,78.7917422955315,10.641206954454356,79.35397935397935,74.05088062622309,86.25380517503805,21.333333333333336,97.4025974025974
accuracy_common_pct,Black,FACES,122,73.59573494662844,12.037514146084128,74.09937888198758,67.5,81.57894736842105,17.77777777777778,97.77777777777776
accuracy_common_pct,Latino,AI-diverse,38,89.93057643743626,7.485920104036857,93.31116038433112,83.33333333333334,95.05941213258286,70,100
accuracy_common_pct,Latino,AI-non-white,38,89.59691807297119,9.246990312865954,92.15384615384616,84,95.95833333333334,65.21739130434783,100
accuracy_common_pct,Latino,AI-white,37,90.57321057321057,8.393297894566713,90.9090909090909,85.71428571428571,100,72.72727272727273,100
accuracy_common_pct,Latino,All-stimuli,38,83.34906561764221,6.488949257805025,82.8917748917749,78.08219178082192,88.19322569322568,71.7948717948718,96.1038961038961
accuracy_common_pct,Latino,FACES,38,77.43157273941871,9.248114606136731,76.45576707726764,71.97115384615384,85.37768537768538,61.904761904761905,93.33333333333331
accuracy_common_pct,Missing,AI-diverse,1,83.87096774193549,,83.87096774193549,83.87096774193549,83.87096774193549,83.87096774193549,83.87096774193549
accuracy_common_pct,Missing,AI-non-white,1,85.71428571428571,,85.71428571428571,85.71428571428571,85.71428571428571,85.71428571428571,85.71428571428571
accuracy_common_pct,Missing,AI-white,1,80,,80,80,80,80,80
accuracy_common_pct,Missing,All-stimuli,1,89.33333333333333,,89.33333333333333,89.33333333333333,89.33333333333333,89.33333333333333,89.33333333333333
accuracy_common_pct,Missing,FACES,1,93.18181818181816,,93.18181818181816,93.18181818181816,93.18181818181816,93.18181818181816,93.18181818181816
accuracy_common_pct,Mixed/multiple,AI-diverse,47,87.7103832422154,9.329874762122133,88.23529411764706,82.29166666666667,94.28104575163398,48.48484848484848,100
accuracy_common_pct,Mixed/multiple,AI-non-white,47,87.69849857423482,9.54531339558107,88.88888888888889,84,92.72486772486772,45.45454545454545,100
accuracy_common_pct,Mixed/multiple,AI-white,47,88.00771332686226,12.578111934854993,90.9090909090909,79.28571428571428,100,54.54545454545454,100
accuracy_common_pct,Mixed/multiple,All-stimuli,47,82.96492861960756,7.078034747607186,83.11688311688312,79.87516869095816,86.99248120300751,54.54545454545454,97.2972972972973
accuracy_common_pct,Mixed/multiple,FACES,47,78.3099512144365,7.903397035397696,78.04878048780488,74.64285714285714,83.0952380952381,59.09090909090909,94.28571428571428
accuracy_common_pct,Multiple categories selected,AI-diverse,48,84.20928631447377,10.968620486664479,87.87878787878788,81.34550084889644,90.975935828877,54.83870967741935,100
accuracy_common_pct,Multiple categories selected,AI-non-white,48,84.38634409435716,10.137845735099056,85.71428571428571,78.94021739130434,91.66666666666666,55.00000000000001,100
accuracy_common_pct,Multiple categories selected,AI-white,48,84.12782240907241,18.320753650070266,90,77.77777777777779,100,33.33333333333333,100
accuracy_common_pct,Multiple categories selected,All-stimuli,48,79.7767512711311,9.605674824421031,82.12153143659992,75.311850311850307,86.66666666666667,54.666666666666664,94.5945945945946
accuracy_common_pct,Multiple categories selected,FACES,48,75.87085591036771,10.356973203821752,77.52525252525253,68.81496881496881,83.61111111111111,54.54545454545454,97.5609756097561
accuracy_common_pct,Other,AI-diverse,7,87.64573850111223,4.89065711571937,88.23529411764706,83.99715504978663,90.87179487179488,80.95238095238095,94.5945945945946
accuracy_common_pct,Other,AI-non-white,7,87.04857381549111,5.934158105609045,88,84.52380952380952,90.44444444444444,76.66666666666667,94.73684210526316
accuracy_common_pct,Other,AI-white,7,89.18650793650794,6.183508746923577,88.88888888888889,85.41666666666667,91.66666666666666,81.25,100
accuracy_common_pct,Other,All-stimuli,7,81.5685228919146,4.9239087131506745,81.33333333333333,78.91521658644946,84.13386509450321,74.35897435897436,89.1891891891892
accuracy_common_pct,Other,FACES,7,75.76326019129456,7.932965588345368,75,69.21052631578948,81.25,66.66666666666666,87.75510204081633
accuracy_common_pct,Prefer not to answer,AI-diverse,7,82.08689987705968,12.311962742519698,82.92682926829268,77.45689655172413,91.41414141414141,60,93.93939393939394
accuracy_common_pct,Prefer not to answer,AI-non-white,7,81.2570498284784,11.2833058802623,81.48148148148148,76.78571428571428,88.6039886039886,61.53846153846154,95
accuracy_common_pct,Prefer not to answer,AI-white,7,84.55869527298098,17.07864254026279,91.66666666666666,76.19047619047618,96.15384615384616,55.55555555555556,100
accuracy_common_pct,Prefer not to answer,All-stimuli,7,80.89798258453517,9.725507137729714,84.93150684931507,78.94633764198981,86.54470079307859,61.038961038961034,89.33333333333333
accuracy_common_pct,Prefer not to answer,FACES,7,79.96872094097031,9.120121314204267,80,78.45588235294117,85.61046511627907,61.904761904761905,89.74358974358975
accuracy_common_pct,White,AI-diverse,674,86.59195747691884,10.512609396495906,88.73015873015873,82.35294117647058,93.75,5.88235294117647,100
accuracy_common_pct,White,AI-non-white,674,86.02933264767643,11.23640548288099,88,81.02678571428571,93.33333333333331,5,100
accuracy_common_pct,White,AI-white,669,87.95900823630974,13.194417266738162,90,83.33333333333334,100,7.142857142857142,100
accuracy_common_pct,White,All-stimuli,674,81.2429858193646,9.23358926346883,82.87593984962406,77.66812865497076,87.14285714285714,16.176470588235293,97.435897435897445
accuracy_common_pct,White,FACES,674,76.51285490137776,10.362345665840884,77.77777777777779,70.83333333333334,83.78378378378379,26.47058823529412,97.82608695652172
accuracy_common_pct,,AI-diverse,34,80.70614482803978,17.58135346422098,87.33974358974359,77.56944444444444,89.93589743589743,21.73913043478261,100
accuracy_common_pct,,AI-non-white,34,80.60334933530204,17.70094632029182,85.96059113300493,73.75,92.27053140096618,21.428571428571427,100
accuracy_common_pct,,AI-white,34,80.85783497548204,20.659765517297455,90,78.33333333333334,91.47727272727272,22.22222222222222,100
accuracy_common_pct,,All-stimuli,34,78.33675497917716,13.688370640080743,82.2072072072072,73.3108108108108,87.99342105263158,35.13513513513514,96.15384615384616
accuracy_common_pct,,FACES,34,75.54316341694833,13.79909260811001,79.53488372093022,66.66666666666666,86.64320685434517,41.17647058823529,95
correct_rt_common_mean_sec,Asian,AI-diverse,62,2.3750429915159135,0.7591686027239278,2.2248275,1.817208504398827,2.7372010057471265,1.293644827586207,5.043225
correct_rt_common_mean_sec,Asian,AI-non-white,62,2.3729332250422153,0.7004719695644285,2.2229824786324786,1.7394104545454547,2.8204515625,1.1981235294117647,4.029692307692308
correct_rt_common_mean_sec,Asian,AI-white,61,2.41980083667016,1.2504189933497063,2.1283,1.7315,2.7128,1.193425,9.560133333333331
correct_rt_common_mean_sec,Asian,All-stimuli,62,2.538957809608827,0.8121464411662428,2.382363580645161,1.9456513546798029,2.9602627545248867,1.3959953846153843,6.100605
correct_rt_common_mean_sec,Asian,FACES,61,2.6158178133452195,0.7492643736233938,2.5271387096774194,2.0673285714285714,2.9257083333333336,1.4784444444444444,4.70927027027027
correct_rt_common_mean_sec,Black,AI-diverse,121,2.9485388306367,1.259121861263761,2.486003448275862,2.09793,3.2966033333333336,1.4039625,8.279077419354838
correct_rt_common_mean_sec,Black,AI-non-white,121,2.9314237392407128,1.2940556196830342,2.501764705882353,2.061321052631579,3.3634375,1.118555,8.022935714285714
correct_rt_common_mean_sec,Black,AI-white,121,2.9558089780329864,1.3322036075874497,2.6731125,1.9708181818181816,3.440733333333333,1.4501583333333334,9.093641666666668
correct_rt_common_mean_sec,Black,All-stimuli,121,3.085426684986102,1.1501929870705652,2.7519457627118644,2.230239344262295,3.673048484848485,1.49269,7.070690196078432
correct_rt_common_mean_sec,Black,FACES,121,3.2346791079244004,1.2211493829275528,2.9105217391304348,2.4101,3.729909090909091,1.5139423076923078,7.098326923076923
correct_rt_common_mean_sec,Latino,AI-diverse,38,2.6300062479242787,0.8338313608676419,2.3561660114660112,2.121410229202037,2.8374387566137567,1.6541333333333332,5.974761764705883
correct_rt_common_mean_sec,Latino,AI-non-white,38,2.635904888077893,0.8701956114630224,2.3485423913043477,2.137382967032967,3.054703571428572,1.5940291666666666,6.2864962962962965
correct_rt_common_mean_sec,Latino,AI-white,38,2.7037150695795433,1.1202535889133551,2.4057267045454545,1.9599203571428574,2.8337000000000003,1.678525,6.4704
correct_rt_common_mean_sec,Latino,All-stimuli,38,2.756776511958119,0.7783147505010171,2.541393870192308,2.2581803571428574,3.0226491986787374,1.768660655737705,5.815034426229508
correct_rt_common_mean_sec,Latino,FACES,38,2.9072066825832854,0.8431644980248225,2.697858991683992,2.2481866319444443,3.168362268907563,1.903639285714286,5.613896296296296
correct_rt_common_mean_sec,Missing,AI-diverse,1,2.48,,2.48,2.48,2.48,2.48,2.48
correct_rt_common_mean_sec,Missing,AI-non-white,1,2.225477777777778,,2.225477777777778,2.225477777777778,2.225477777777778,2.225477777777778,2.225477777777778
correct_rt_common_mean_sec,Missing,AI-white,1,3.052675,,3.052675,3.052675,3.052675,3.052675,3.052675
correct_rt_common_mean_sec,Missing,All-stimuli,1,2.946209230769231,,2.946209230769231,2.946209230769231,2.946209230769231,2.946209230769231,2.946209230769231
correct_rt_common_mean_sec,Missing,FACES,1,3.2570153846153844,,3.2570153846153844,3.2570153846153844,3.2570153846153844,3.2570153846153844,3.2570153846153844
correct_rt_common_mean_sec,Mixed/multiple,AI-diverse,47,2.859024164783448,1.3255368838713157,2.433225806451613,2.0853310344827585,3.0681544471153845,1.482170588235294,8.506703846153846
correct_rt_common_mean_sec,Mixed/multiple,AI-non-white,47,2.9277007259636005,1.377679819791554,2.4587142857142856,2.1206895833333332,3.3290595394736844,1.4038260869565218,8.611521052631579
correct_rt_common_mean_sec,Mixed/multiple,AI-white,47,2.730449516922203,1.3716769721461233,2.291181818181818,1.8485517857142857,2.8746099999999997,1.4409,8.2222
correct_rt_common_mean_sec,Mixed/multiple,All-stimuli,47,2.9966910068886485,1.4174597222314236,2.5676475409836064,2.2033010447761194,3.2935731643356645,1.6676451612903227,9.245607142857144
correct_rt_common_mean_sec,Mixed/multiple,FACES,47,3.1322258620548236,1.5957053441796596,2.584812121212121,2.265305185185185,3.218589650537634,1.7539533333333337,9.88599
correct_rt_common_mean_sec,Multiple categories selected,AI-diverse,48,2.633848141617996,0.7692548512795062,2.4808161184210524,2.081239182692308,2.8867680423280424,1.631024,4.809036666666667
correct_rt_common_mean_sec,Multiple categories selected,AI-non-white,48,2.673691566613566,0.8230463034224678,2.420292857142857,2.055861071428571,3.166885096153846,1.6304117647058824,4.747833333333333
correct_rt_common_mean_sec,Multiple categories selected,AI-white,47,2.5249629949069843,0.8437960410305773,2.469666666666667,1.881358333333333,2.8952357142857146,1.3871111111111112,5.6392125
correct_rt_common_mean_sec,Multiple categories selected,All-stimuli,48,2.846560414929477,0.7653359112063028,2.5641964814814813,2.322035248138958,3.1753445590994374,1.9321850746268656,4.890420454545454
correct_rt_common_mean_sec,Multiple categories selected,FACES,48,3.04428281235156,0.8438566839377416,2.759201569264069,2.4392971445221447,3.746198468137255,1.8662583333333336,5.390596153846154
correct_rt_common_mean_sec,Other,AI-diverse,7,2.459859575173688,0.7083144592833757,2.3248333333333333,2.136016344537815,2.350237142857143,1.8991347826086955,4.022541935483871
correct_rt_common_mean_sec,Other,AI-non-white,7,2.4970354581843277,0.6570623918815242,2.327284,2.253332608695652,2.470485606060606,1.8066111111111112,3.8977166666666663
correct_rt_common_mean_sec,Other,AI-white,7,2.3834149825174826,0.8382889587774061,2.0754363636363635,1.92363125,2.38836,1.789109090909091,4.195376923076923
correct_rt_common_mean_sec,Other,All-stimuli,7,2.7278158347500137,0.7362775033820623,2.429005172413793,2.3849064171122993,2.6595567066043246,2.2183311475409835,4.358448275862069
correct_rt_common_mean_sec,Other,FACES,7,3.004635140425589,0.8126081188314214,2.8695333333333335,2.5488932346723043,3.008030753968254,2.3049461538461538,4.744118518518518
correct_rt_common_mean_sec,Prefer not to answer,AI-diverse,7,2.6766751414788787,0.41911874009881894,2.448852380952381,2.382974458874459,2.988359724857685,2.286767741935484,3.2584375
correct_rt_common_mean_sec,Prefer not to answer,AI-non-white,7,2.581597151742994,0.43112279418302746,2.581786363636364,2.4382335,2.645935167464115,1.93892,3.3821363636363637
correct_rt_common_mean_sec,Prefer not to answer,AI-white,7,2.8177162987012987,0.7810987454713223,2.9863,2.1748445454545458,3.1341833333333335,1.95625,4.163408333333333
correct_rt_common_mean_sec,Prefer not to answer,All-stimuli,7,2.8576555907850265,0.5947009839039946,2.5918981132075474,2.3880134139784945,3.2665418621700884,2.3316595744680852,3.770920895522388
correct_rt_common_mean_sec,Prefer not to answer,FACES,7,3.0210688568451918,0.7788695912673286,2.769625,2.4016909199522103,3.5590703781512607,2.237003846153846,4.219330555555556
correct_rt_common_mean_sec,White,AI-diverse,671,2.5969471363859933,0.8301908546602504,2.4152708333333335,1.9851589285714286,2.9831670370370373,1.1754125,6.7747633333333335
correct_rt_common_mean_sec,White,AI-non-white,672,2.610943854208551,0.8663066121931288,2.4294479166666667,1.9775535714285715,3.0107145,1.1092307692307692,7.553358620689656
correct_rt_common_mean_sec,White,AI-white,670,2.5498790718566746,1.0127639899705148,2.2865348484848482,1.9062508547008548,2.894117142857143,1.154830769230769,9.539211111111111
correct_rt_common_mean_sec,White,All-stimuli,672,2.7538181309686505,0.8062155494282071,2.583681473214286,2.144631696428571,3.162790295031056,1.2144689655172414,6.709105172413793
correct_rt_common_mean_sec,White,FACES,673,2.9064080088530804,0.884553179220753,2.747172,2.240473529411765,3.38067,1.0696166666666669,7.957709677419355
correct_rt_common_mean_sec,,AI-diverse,33,2.8289965841858855,0.9366395685887742,2.5167058823529413,2.1974135135135135,3.4085428571428573,1.7215185185185184,6.61055
correct_rt_common_mean_sec,,AI-non-white,36,2.875229783048999,0.9692536375555795,2.7923639285714286,2.150031176470588,3.3720597222222226,1.6932380952380952,6.537325
correct_rt_common_mean_sec,,AI-white,34,2.8614884573677957,1.1874300641806523,2.630219886363636,2.1894303571428573,3.117836111111111,1.600666666666667,6.805816666666667
correct_rt_common_mean_sec,,All-stimuli,34,2.927748780512705,0.9605953915080582,2.7923078891257997,2.2387315651260504,3.433156865942029,1.7886865671641792,6.492276470588235
correct_rt_common_mean_sec,,FACES,35,3.0480241288906234,1.1140202950467948,2.6881794117647058,2.1937427083333336,3.522679761904762,1.7837567567567567,6.402551724137931
