dataset,variable,n_rows,n_missing,percent_missing
participant,participant_id,1277,0,0
participant,age,1277,213,16.67971808927173
participant,gender_original,1277,213,16.67971808927173
participant,participant_ethnicity_group,1277,214,16.758026624902115
participant,education,1277,214,16.758026624902115
participant,employment,1277,215,16.8363351605325
participant,prior_mh_status,1277,218,17.07126076742365
participant,participant_white_status,1277,223,17.462803445575567
participant,gender_binary,1277,245,19.18559122944401
participant,task_position,1277,208,16.288175411119813
participant,screening_data_available,1277,0,0
participant,intake_demographics_available,1277,0,0
participant,emotion_task_attempted,1277,0,0
participant,emotion_task_complete_event,1277,208,16.288175411119813
participant,cape15_score,1277,196,15.348472983555208
participant,altman_srms_score,1277,195,15.270164447924826
participant,isi_score,1277,196,15.348472983555208
participant,ocir_score,1277,197,15.426781519185592
participant,minispin_score,1277,197,15.426781519185592
participant,asrs_score,1277,196,15.348472983555208
participant,gad7_score,1277,809,63.35160532498042
participant,hamd6_score,1277,857,67.11041503523884
participant,cape15_item_01,1277,195,15.270164447924826
participant,cape15_item_02,1277,195,15.270164447924826
participant,cape15_item_03,1277,195,15.270164447924826
participant,cape15_item_04,1277,195,15.270164447924826
participant,cape15_item_05,1277,195,15.270164447924826
participant,cape15_item_06,1277,196,15.348472983555208
participant,cape15_item_07,1277,195,15.270164447924826
participant,cape15_item_08,1277,195,15.270164447924826
participant,cape15_item_09,1277,195,15.270164447924826
participant,cape15_item_10,1277,195,15.270164447924826
participant,cape15_item_11,1277,195,15.270164447924826
participant,cape15_item_12,1277,195,15.270164447924826
participant,cape15_item_13,1277,195,15.270164447924826
participant,cape15_item_14,1277,195,15.270164447924826
participant,cape15_item_15,1277,195,15.270164447924826
participant,asrm_item_01,1277,195,15.270164447924826
participant,asrm_item_02,1277,195,15.270164447924826
participant,asrm_item_03,1277,195,15.270164447924826
participant,asrm_item_04,1277,195,15.270164447924826
participant,asrm_item_05,1277,195,15.270164447924826
participant,isi_item_01,1277,195,15.270164447924826
participant,isi_item_02,1277,196,15.348472983555208
participant,isi_item_03,1277,195,15.270164447924826
participant,isi_item_04,1277,195,15.270164447924826
participant,isi_item_05,1277,195,15.270164447924826
participant,isi_item_06,1277,195,15.270164447924826
participant,isi_item_07,1277,195,15.270164447924826
participant,ocir_item_01,1277,195,15.270164447924826
participant,ocir_item_02,1277,195,15.270164447924826
participant,ocir_item_03,1277,195,15.270164447924826
participant,ocir_item_04,1277,195,15.270164447924826
participant,ocir_item_05,1277,195,15.270164447924826
participant,ocir_item_06,1277,196,15.348472983555208
participant,ocir_item_07,1277,195,15.270164447924826
participant,ocir_item_08,1277,195,15.270164447924826
participant,ocir_item_09,1277,195,15.270164447924826
participant,ocir_item_10,1277,195,15.270164447924826
participant,ocir_item_11,1277,195,15.270164447924826
participant,ocir_item_12,1277,195,15.270164447924826
participant,ocir_item_13,1277,195,15.270164447924826
participant,ocir_item_14,1277,195,15.270164447924826
participant,ocir_item_15,1277,195,15.270164447924826
participant,ocir_item_16,1277,195,15.270164447924826
participant,ocir_item_17,1277,196,15.348472983555208
participant,ocir_item_18,1277,195,15.270164447924826
participant,minispin_item_01,1277,195,15.270164447924826
participant,minispin_item_02,1277,196,15.348472983555208
participant,minispin_item_03,1277,196,15.348472983555208
participant,asrs_item_01,1277,195,15.270164447924826
participant,asrs_item_02,1277,195,15.270164447924826
participant,asrs_item_03,1277,196,15.348472983555208
participant,asrs_item_04,1277,195,15.270164447924826
participant,asrs_item_05,1277,195,15.270164447924826
participant,asrs_item_06,1277,195,15.270164447924826
participant,asrs_item_07,1277,195,15.270164447924826
participant,asrs_item_08,1277,195,15.270164447924826
participant,asrs_item_09,1277,195,15.270164447924826
participant,asrs_item_10,1277,195,15.270164447924826
participant,asrs_item_11,1277,195,15.270164447924826
participant,asrs_item_12,1277,195,15.270164447924826
participant,asrs_item_13,1277,195,15.270164447924826
participant,asrs_item_14,1277,195,15.270164447924826
participant,asrs_item_15,1277,195,15.270164447924826
participant,asrs_item_16,1277,195,15.270164447924826
participant,asrs_item_17,1277,195,15.270164447924826
participant,asrs_item_18,1277,196,15.348472983555208
participant,gad7_item_01,1277,809,63.35160532498042
participant,gad7_item_02,1277,809,63.35160532498042
participant,gad7_item_03,1277,809,63.35160532498042
participant,gad7_item_04,1277,809,63.35160532498042
participant,gad7_item_05,1277,809,63.35160532498042
participant,gad7_item_06,1277,809,63.35160532498042
participant,gad7_item_07,1277,809,63.35160532498042
participant,hamd6_item_01,1277,856,67.03210649960846
participant,hamd6_item_02,1277,856,67.03210649960846
participant,hamd6_item_03,1277,856,67.03210649960846
participant,hamd6_item_04,1277,857,67.11041503523884
participant,hamd6_item_05,1277,857,67.11041503523884
participant,hamd6_item_06,1277,857,67.11041503523884
participant,cape15_n_answered,1277,0,0
participant,cape15_partial_sum,1277,195,15.270164447924826
participant,altman_srms_n_answered,1277,0,0
participant,altman_srms_partial_sum,1277,195,15.270164447924826
participant,isi_n_answered,1277,0,0
participant,isi_partial_sum,1277,195,15.270164447924826
participant,ocir_n_answered,1277,0,0
participant,ocir_partial_sum,1277,195,15.270164447924826
participant,minispin_n_answered,1277,0,0
participant,minispin_partial_sum,1277,195,15.270164447924826
participant,asrs_n_answered,1277,0,0
participant,asrs_partial_sum,1277,195,15.270164447924826
participant,gad7_n_answered,1277,0,0
participant,gad7_partial_sum,1277,809,63.35160532498042
participant,hamd6_n_answered,1277,0,0
participant,hamd6_partial_sum,1277,856,67.03210649960846
participant,valid_accuracy_trials,1277,0,0
participant,valid_accuracy_common_trials,1277,0,0
participant,valid_rt_trials,1277,0,0
participant,has_faces_trials,1277,0,0
participant,has_ai_white_trials,1277,0,0
participant,has_ai_nonwhite_trials,1277,0,0
participant,emorec_attempts,1277,0,0
participant,included_any_emorec,1277,0,0
participant,included_primary_accuracy,1277,0,0
participant,included_primary_rt,1277,0,0
participant,completed_80_valid_trials,1277,0,0
participant,included_gender_moderation,1277,0,0
participant,included_race_moderation,1277,0,0
trial,participant_id,83206,0,0
trial,trial_number,83206,0,0
trial,row_in_file,83206,0,0
trial,source,83206,0,0
trial,trial_stratum,83206,0,0
trial,target_emotion,83206,0,0
trial,response_emotion,83206,0,0
trial,correct,83206,0,0
trial,rt_sec,83206,2,0.0024036728120568228
trial,stimulus_id,83206,0,0
trial,face_age,83206,0,0
trial,face_gender,83206,0,0
trial,face_ethnicity,83206,0,0
trial,face_style,83206,0,0
trial,stimulus_variant,83206,0,0
trial,common_emotion,83206,0,0
trial,valid_trial_number,83206,0,0
trial,valid_source,83206,0,0
trial,valid_target,83206,0,0
trial,valid_stimulus_metadata,83206,0,0
trial,duplicate_trial_number,83206,0,0
trial,trial_number_occurrence,83206,0,0
trial,accuracy_included,83206,0,0
trial,rt_in_bounds,83206,0,0
trial,rt_included,83206,0,0
trial,task_position,83206,0,0
trial,gender_binary,83206,5168,6.21109054635483
trial,participant_ethnicity_group,83206,2776,3.3362978631348703
trial,participant_white_status,83206,3421,4.111482345023195
trial,face_white_status,83206,0,0
trial,gender_congruence,83206,5168,6.21109054635483
trial,white_status_congruence,83206,3421,4.111482345023195
trial,exact_ethnicity_congruence,83206,11576,13.912458236184891
