relative_path,bytes,md5
diagnostics/all_mixed_model_diagnostics.csv,2141,625a9c9271042e7b39d459f4f6ead23b
diagnostics/analysis_sanity_checks.csv,517,ca68f0e2b040006cc2142216a50df837
diagnostics/completion_80_trials_model_summary.txt,1071,0e3882d954b667c47cb2453ad6c9e7d5
diagnostics/completion_inclusion_model_summary.txt,1054,f8cb3c554e0e99d46ec7a6178dd2501a
diagnostics/completion_model_diagnostics.csv,257,f2c01d0c98f8f0c87daa4ce266f4fb3f
diagnostics/data_validation_checks.csv,522,af2cb712519a1c7838da9a81dd814efd
diagnostics/data_validation_report.md,952,22f159f206b57ce5cded839845be1c2e
diagnostics/gender_moderation_accuracy_model_diagnostics.csv,293,d2a035bc2298ac61583c93544a5f674b
diagnostics/gender_moderation_accuracy_model_summary.txt,4418,2c51ba1c160ab4a6fc094a846f63bed4
diagnostics/gender_moderation_rt_model_diagnostics.csv,286,b60e43f4f672e987f49ded9ea8857fb9
diagnostics/gender_moderation_rt_model_summary.txt,4008,b3a41370e33cb958c12cd295dc89ae80
diagnostics/primary_accuracy_mixed_model_diagnostics.csv,255,525fb9f91780ad6462cd02f48c0ac407
diagnostics/primary_accuracy_mixed_model_summary.txt,3228,b6c862fd44ebe7aec5e78804d2a7c6b7
diagnostics/primary_random_effects_decision.md,831,1b0a82f15c1f04b507fbecfb361aafea
diagnostics/primary_rt_mixed_model_diagnostics.csv,248,7aef57b10e34594fef726e45ca6148d7
diagnostics/primary_rt_mixed_model_summary.txt,2913,cf08d50fadfbd48e792906af7b42314e
diagnostics/sensitivity_complete_task_accuracy_model_diagnostics.csv,267,c8e6b49d7b4274c3985a65bede18f85e
diagnostics/sensitivity_complete_task_accuracy_model_summary.txt,3237,886d1f07f230594ac9f9f4ea1a6e8974
diagnostics/sensitivity_complete_task_rt_model_diagnostics.csv,260,785ba589a7a18cb978d70fc24fcdfae6
diagnostics/sensitivity_complete_task_rt_model_summary.txt,2922,6c74b0594aae0c0a5e1cc01c69cb93aa
diagnostics/sensitivity_model_diagnostics.csv,972,2dbc55fc00e749fd30ec23217648db7a
diagnostics/sensitivity_no_happy_accuracy_model_diagnostics.csv,262,0dd55e6e12241ceaaa81b2fda50b6e2b
diagnostics/sensitivity_no_happy_accuracy_model_summary.txt,2933,00996db6e559068f665a8a2a57b788cb
diagnostics/sensitivity_rt_0_3_to_10_model_diagnostics.csv,256,85f0a9593b7683e2ffd9f72329d483e0
diagnostics/sensitivity_rt_0_3_to_10_model_summary.txt,2920,6c4aab9e2bf1e95734b12a93b317e3dc
diagnostics/sensitivity_rt_all_positive_model_diagnostics.csv,259,3464a4266b465187eb455a6141a34f00
diagnostics/sensitivity_rt_all_positive_model_summary.txt,2936,981efec9031be12f82a8d44950cfbd4e
diagnostics/white_status_moderation_accuracy_model_diagnostics.csv,296,3d505b0ae5ec883afd28fc505df05da9
diagnostics/white_status_moderation_accuracy_model_summary.txt,4494,7442cc49ae6995b64162b64c5cd9ad99
diagnostics/white_status_moderation_rt_model_diagnostics.csv,289,d2fd54b7b56dfa39574bc935c87d8593
diagnostics/white_status_moderation_rt_model_summary.txt,3212,b4ef148b6aae3465ff8114910fafe1ef
figures/figure_01_cohort_flow.pdf,4867,35d0ff96776524cb1b47467b7e901cf0
figures/figure_01_cohort_flow.png,137848,47852d5ec90114955ced5052d12040a6
figures/figure_02_accuracy_distributions.pdf,21178,d6ae961604c0e7a846b93aa153a5af48
figures/figure_02_accuracy_distributions.png,125748,e57cf4ebe3c3eca34f1d37004056cdf6
figures/figure_03_rt_distributions.pdf,17632,89e5a595fc00c93b55a3409f2382f864
figures/figure_03_rt_distributions.png,124327,e6c6fafbc5b4c20bdb89ac18b0f4bd77
figures/figure_04_mixed_model_estimates.pdf,5271,156400d8420774fd0c28d10353498ff4
figures/figure_04_mixed_model_estimates.png,113228,ed256cc3f6608c272a2c860bab4ca2d9
figures/figure_05_clinical_correlation_forest.pdf,7261,5e91f24934a5f6b11bf18540dd6cb386
figures/figure_05_clinical_correlation_forest.png,196399,bc76a794f47142b9513d27f638942a35
figures/figure_06_accuracy_by_gender.pdf,4826,23c94c8a35d5234e3a68ce8acd46263d
figures/figure_06_accuracy_by_gender.png,123089,8d6e9458509b8e6b82ea0d9bc6653b80
figures/figure_07_accuracy_by_ethnicity.pdf,5458,5d60e02e8f1377f65bf19cbe9e712fc7
figures/figure_07_accuracy_by_ethnicity.png,257982,6116d973ccf7656c8e8b5e671e2b6b51
figures/figure_08_confusion_matrices.pdf,6589,84b45165adadcc7504347133696838eb
figures/figure_08_confusion_matrices.png,116477,1cba9f4763dca30ea3b7da69f98e6532
figures/figure_09_gender_moderation.pdf,6296,39697be42625f81490ca226dbc6c21f5
figures/figure_09_gender_moderation.png,232698,5c05f83139f8d77f2c7732c7f598d391
figures/figure_10_white_status_moderation.pdf,5582,66a1ea930dcd595fa3b961db2fd65db8
figures/figure_10_white_status_moderation.png,173079,16555ebb33c8d36cbbf722423592832f
figures/figure_11_clinical_correlation_differences.pdf,7263,609bc4244a80d2169922a49889e8aa84
figures/figure_11_clinical_correlation_differences.png,195228,200d604e13027b62dd5f03359d2a6b9b
figures/figure_12_completion_adjusted_odds.pdf,5171,d87e819843997dbbca90cc278029d154
figures/figure_12_completion_adjusted_odds.png,108767,3a0ae33c44ddd96184ef5d4fe1fc33ba
figures/figure_13_sensitivity_contrasts.pdf,5230,e040a1378f7188304bbef5575900af09
figures/figure_13_sensitivity_contrasts.png,134008,4e21743d867d1aecb022ba08a8deb466
logs/01_prepare_data.log,68,766f03db4355d02d964cd1ee1cc77fc1
logs/02_run_analyses.log,1302,7ffd3b99232159733673a46e57025dfe
provenance/package_versions.csv,196,f769e2acae8e1593b7adc2e816d5ae69
provenance/provenance_manifest.csv,567,e583c3db607f36bdcb6bf02a06c5b912
provenance/script_manifest.csv,167,d129981408606c9db47001f023eb9746
provenance/session_info_analysis.txt,1711,c49841b9fa1f22cf0e0d0ce3ea2b7b9b
provenance/session_info_preparation.txt,1207,1694fe3f9658932e04a7a7ce0e9668ee
results_report.md,35195,6134ec624237b10b5c6358b8319ebc69
sanity_check_report.md,1451,ad3940ebf9461720e75d2025f9cb43f7
table_and_figure_index.md,2836,65c2aac9470c65ef664ff358b95456e1
tables/clinical_correlations.csv,37432,d0775f6bbf5634bdbeabcddbbe4d7b3c
tables/clinical_instrument_descriptives_reliability.csv,1039,2c847d2e8dcd746a2e755278a6ffbc63
tables/cohort_flow.csv,570,233667ecb2564739f02d33fd5de81797
tables/completion_by_intake_availability_test.csv,303,da4f35ca18482648f26d896d9423e53b
tables/completion_by_intake_availability.csv,145,3d13ef84f3691a552eb0d93bec896d1e
tables/completion_logistic_regression.csv,2626,fc8cf8ef26c7fedc32ebcb1a3f015474
tables/completion_unadjusted_demographics.csv,15550,95726c5e54a023af073ed979353cf233
tables/condition_descriptive_statistics.csv,1589,20efe86aee72a55a5adcd2ae04be36ea
tables/demographics_by_analysis.csv,139776,f500492a5553c66672253d71e328148b
tables/demographics_full_and_cleaned.csv,24795,85b73722ed936fa92818b6df18e1a089
tables/dependent_clinical_correlation_differences.csv,21779,a9eff5f032e5aa53c90722e0dbd09eb7
tables/descriptives_by_ethnicity_and_stimulus_set.csv,16055,43080e7d0e555dfcee125686733fb46b
tables/descriptives_by_gender_and_stimulus_set.csv,9125,f6a49879d952e14d805959932eb3e20e
tables/descriptives_by_stimulus_ethnicity_and_gender.csv,971,feeb3c7732cfdd449c3b8df8cd9efa4e
tables/emotion_confusion_matrix.csv,2888,c1619fea41df70eda1ada2038e6b4df2
tables/faces_ai_diverse_agreement.csv,325,270daa9de61035626560c935095d7913
tables/gender_moderation_accuracy_model_coefficients.csv,4727,262836896d3442c9fd13f3b6d380b2d4
tables/gender_moderation_contrasts.csv,4156,843017b47e0fcba45dbcf7ecd29bf5dc
tables/gender_moderation_rt_model_coefficients.csv,4857,4049c882fb9e05072d83b8a3c5df90f3
tables/gender_moderation_standardised_estimates.csv,2401,94a9156d6015d1712109e83c5e74b053
tables/incremental_clinical_signal_models.csv,16953,24c1717c589a281ff82887bede7a2144
tables/incremental_clinical_signal_performance_terms.csv,6222,e4fc4a9a9fa92a73a695ad379f7e6c8c
tables/missingness_summary.csv,8068,a8d309d3678efb52a85c8a6ed36a1e7a
tables/mixed_model_stimulus_set_contrasts.csv,1421,7e7d4cffe1ef5e78e0cec5a69de77ab3
tables/mixed_model_stimulus_set_estimates.csv,1009,19f984910565a743022a096bc507fd23
tables/moderation_main_and_interaction_terms.csv,4819,df300ff324d632694cf13f9a4fead2dd
tables/primary_accuracy_mixed_model_coefficients.csv,2625,86d6bc1e7b8f6ebc0cdebd7d38c6325c
tables/primary_rt_mixed_model_coefficients.csv,2673,3c2f339825f8fce6df85ba31db651430
tables/publication_tables.md,34795,14e72ea5b70c75744340595c2ee2e063
tables/reliability_split_half.csv,199,636c700157d71a3011c5787da9edcada
tables/screening_branching_summary.csv,2691,52d0bb697c55f926a993d913348228d3
tables/sensitivity_complete_task_accuracy_model_coefficients.csv,2766,6be1707c377bf610ee8817b463ccd5a9
tables/sensitivity_complete_task_rt_model_coefficients.csv,2824,2a99ec0b7fc3410560512d40a8044ce6
tables/sensitivity_no_happy_accuracy_model_coefficients.csv,2507,02a62390cda7537d627850d80f8ae2cd
tables/sensitivity_rt_0_3_to_10_model_coefficients.csv,2766,c87298f282eb26d4974484405c17faa6
tables/sensitivity_rt_all_positive_model_coefficients.csv,2808,02cc260965d0f808559198de56ee2fe0
tables/sensitivity_stimulus_set_contrasts.csv,5879,7037099570931983ef8e13947dcecb06
tables/sensitivity_stimulus_set_estimates.csv,4436,890e4d525d64c9aa4db0887d07b8d8e3
tables/task_order_audit.csv,212,6a2f890caffe8bbe753b4428ff0b1f3c
tables/trial_balance_summary.csv,4150,2597fda28b4b31ff9a9adf49b7d49253
tables/trial_cleaning_audit.csv,354,d4499e52817a4c9df128775a420b6c32
tables/trial_sampling_randomisation_checks.csv,440,dbff2c8b685b6692c0240f3344d4cb2d
tables/white_status_moderation_accuracy_model_coefficients.csv,3493,38c39800db6cff6329f7d96c4669460c
tables/white_status_moderation_contrasts.csv,2330,70ab5af1e4dc08006a239cf57427ecba
tables/white_status_moderation_rt_model_coefficients.csv,3558,f4c0deb16637371abf77db8991c09546
tables/white_status_moderation_standardised_estimates.csv,1402,bc8898aedf3869641cc421c7b86036f7
