field,value
generated,2026-10-07 14:53:03 CEST
released_data,data/ai_faces_study.csv
r_version,R version 3.6.3 (2020-02-29)
random_seed,20260908
bootstrap_repetitions,500
coefficient_simulations,2000
git_commit,4c2c7e5a2a6c3e7eb1a51989dbe41d0b161565c7
git_worktree_dirty,TRUE
primary_accuracy_formula,correct ~ trial_stratum + target_emotion + trial_position_z +      task_position + (1 | participant_id) + (1 | stimulus_id)
primary_rt_formula,log_rt ~ trial_stratum + target_emotion + trial_position_z +      task_position + (1 | participant_id) + (1 | stimulus_id)
